[
    {
        "id":1,
        "productImg": "../img/products/Mercedes 2015.png",
        "name": "Mercedes C250 2015",
        "type": "Sedan",
        "gear": "Automatic",
        "capacity":4,
        "price":70
    },
    {
        "id":2,
        "productImg": "img/products/Audi A3 2017.png",
        "name": "Audi A1 2017",
        "type": "hatchback",
        "gear": "Manual",
        "capacity":4,
        "price":120
    },
    {
        "id":3,
        "productImg": "img/products/Toyota Yaris 2019.png",
        "name": "Toyota Yaris 2019",
        "type": "hatchback",
        "gear": "Manual",
        "capacity":4,
        "price":30
    },
    {
        "id":4,
        "productImg": "img/products/Ford Mustang 2020.png",
        "name": "Ford Mustang 2020",
        "type": "Sport",
        "gear": "Automatic",
        "capacity":2,
        "price":230
    },
    {
        "id":5,
        "productImg": "img/products/hyundai2017.png",
        "name": "Hyundai Tucson 2017",
        "type": "SUV",
        "gear": "Automatic",
        "capacity":5,
        "price":170
    },
    
    {
        "id":6,
        "productImg": "img/products/BMW M2 2022.png",
        "name": "BMW M2 2021",
        "type": "Coupe",
        "gear": "Manual",
        "capacity":2,
        "price":160
    }
]